Gene_1,Gene_2,Gene_3,Gene_4,Gene_5,Gene_6,Gene_7,Gene_8,Gene_9,Gene_10,Gene_11,Gene_12,Gene_13,Gene_14,Gene_15,Gene_16,Gene_17,Gene_18,Gene_19,Gene_20,Gene_21,Gene_22,Gene_23,Gene_24,Gene_25,Gene_26,Gene_27,Gene_28,Gene_29,Gene_30,Gene_31,Gene_32,Gene_33,Gene_34,Gene_35,Gene_36,Gene_37,Gene_38,Gene_39,Gene_40,Gene_41,Gene_42,Gene_43,Gene_44,Gene_45,Gene_46,Gene_47,Gene_48,Gene_49,Gene_50,Drug_Response
5.993428306022466,4.72347139765763,6.295377076201385,8.046059712816051,4.531693250553328,4.531726086101639,8.158425631014783,6.534869458305818,4.061051228130096,6.085120087171929,4.0731646143750755,4.068540492859486,5.483924543132068,1.1734395106844042,1.5501643349739345,3.8754249415180544,2.9743377593311524,5.628494665190548,3.1839518489575784,2.175392597329417,7.931297537843108,4.548447399026928,5.1350564093758475,2.1505036275730864,3.9112345509496347,5.2218451794197325,2.6980128451553944,5.751396036691344,3.79872262016239,4.416612500413446,3.796586775541206,8.704556369017876,4.973005550524132,2.8845781420881993,6.645089824206378,2.5583127000579555,5.4177271900095105,1.0806597522404489,2.343627902203139,5.393722471738247,6.476933159990821,5.342736562379941,4.768703435223519,4.3977926088214225,2.0429560192651453,3.5603115832105825,4.078722458080425,7.114244452437831,5.687236579136923,1.473919689274532,1
5.64816793878959,4.229835439167367,3.6461559993880828,6.2233525776817356,7.061999044991902,6.862560238232398,3.3215649535547227,4.381575248297571,5.662526862807128,6.951090254244718,4.04165152430942,4.628682046672366,2.7873300519879436,2.6075867518386584,6.625051644788396,7.712480057141645,4.855979756839332,7.007065795784048,5.723272050095268,3.7097604907897512,5.722791211016828,8.076073132931938,4.928347921780097,8.129287311628012,-0.23949020817948874,6.643805008750448,5.174094136476342,4.401985299068265,5.183521553071005,1.0248621707982144,4.560656224324976,5.7142251430234925,7.955788089483033,3.9634595634527052,3.3830127942136246,3.996485912830927,6.830804235404148,5.657502219319369,3.9404795924659224,6.026534866226712,5.194155098696081,6.937289981065779,3.5958938122452953,4.3446757068044635,4.215783693735685,2.072970103735763,5.592240554129152,5.522110544359778,5.010226913284922,4.530825733249706,0
2.1692585158991715,4.158709354469282,4.314570966946461,3.395445461556762,4.677428576667982,5.8081017136290765,8.77237180242106,5.349155625663678,5.515100781445529,4.851108168467666,1.162457569401917,4.946972249101567,5.120460419882053,9.926484224970572,4.615278070437755,5.603094684667225,4.9305764605895135,2.662643924760936,7.285645629030041,6.503866065373549,6.582063894086094,3.181225090410522,7.805588621872198,2.1962978744154382,6.173714187600541,9.380911251619956,3.0189273497386235,3.867404540794456,5.199302730175282,3.9930486917676014,1.8986731378677346,5.137125949612055,2.8753925725477902,5.9471848612703635,3.1611515315323935,8.09986881003508,3.4334934153275256,4.355876967588649,6.62703443473934,2.5382713671320896,5.4549198692082586,7.614285508564857,1.785033530877545,5.369267717064608,5.519765588496847,6.563645743554621,2.526098578243836,2.3590867738314474,6.0438831312337955,5.5939693464663724,1
5.5009857006917535,5.692896418993952,3.6399505568430186,5.464507394322007,5.586144946597362,3.571297163947264,8.731549022289514,5.947665841823575,2.617393005594703,6.313107217267659,3.050636659545357,6.574169207484904,7.317191158014808,3.358635363296579,6.926752258488643,5.825561853872997,6.64412031998898,8.793585965307894,4.509223767994259,3.492527671285021,3.2209711407489534,3.3683794300691234,4.845796581171792,5.682303949633288,5.553381598660038,6.654366498072047,5.026003783755814,7.907068154314634,4.470686333524088,10.440338333179238,6.251334695530012,3.285684887167435,2.8582150038777754,5.96494483048637,4.553074429348298,6.428000988184184,5.94647524914709,4.854342174686255,3.30641256386319,1.9703055506282707,4.106970095865957,6.712797588646945,5.4281874882604075,2.508522442576024,5.346361851702364,5.770634759457674,3.2322851275977342,5.307450211891056,5.116417436892,2.714059404338754,1
5.715574720696567,6.121569052736469,7.166102486350554,7.1076041040698055,2.244661264085818,3.124349920169754,6.0300705344173195,6.027571901824418,6.030095372612096,12.705462981309442,6.141781021386334,7.271131280361198,6.908003526986405,6.302782502611596,4.369461510719309,6.517938440986535,3.4543495709248564,4.526362786519982,4.029272904341793,5.163748278772645,9.629317133347017,1.2654696148165039,6.372520380749027,1.7745682576206967,4.056136268421133,7.177901193934732,5.128560038190925,2.8445104441413878,3.5693925814800638,6.359195497869352,3.5392667365657267,5.43291717916395,5.091143679807628,3.6967993047883656,9.28788817865065,6.267838044636022,0.9497148266847857,5.3729086295388555,3.676427070463224,6.704866669592448,3.4149585231345987,4.770527117066202,6.0099745579609145,6.731510388340243,2.5994071858884475,4.330997528318103,4.050109377678088,3.693341534852576,8.530908480562193,5.809963421921911,1
2.4782320913299096,6.835723894109552,9.244312394025266,7.064930521102294,1.9612600680919732,4.031531854267497,7.533822298373245,3.5846610687624385,5.887638856292456,6.5492681068586736,3.1461390568438343,4.8809492878764,-1.4825346801381452,2.9512247173314203,4.494863697213679,2.504433636070301,8.26482260786327,2.1397172440787346,4.119911026606032,5.2614811545721825,7.8825465781322315,2.1282756976411212,7.326327504309919,5.020466122039174,3.036982697904098,5.924206948526542,5.39811939114694,3.799566245682411,5.139604169980037,4.22937280627648,5.227034690502496,6.324261349042093,8.172033632290704,2.524369002346302,9.266066749312532,1.0958244009549962,4.6964298099288335,6.176634412969153,5.561983735470065,3.7546009603588124,4.5837554992854495,4.013998130682334,3.821270486111577,6.699204194042049,5.714030971930095,3.6141808094786914,6.799199750866501,5.614599041753219,6.62572423767792,6.259257683847224,0
3.3420099781558554,3.879637919606061,6.494587210246523,6.22074053086693,4.958196812071704,5.234654766617564,7.55532979157685,3.8168572223283403,6.094194762340075,4.595614695132212,4.56463759354556,7.19755370397438,6.6508326979760595,6.627019272001277,7.610957614308658,5.042007683265518,6.363905942589928,4.379466486813088,5.648332704976884,4.739713891264631,5.193991929985437,6.190314050873827,3.3635586335330547,9.184774551370921,2.987965237000596,2.5716227744245357,7.316221747000135,6.583325387925871,6.24823963410431,6.25669101852856,4.975506454306171,3.2054912570283367,5.151609116387453,3.6456765769757764,6.9502394668355025,4.705885236995723,3.349005606414977,4.357228316694013,5.825862908551248,3.8725508943920506,3.3555592088671373,5.487374422983825,5.4899331422174455,3.9861136492577405,4.057923388763355,5.464099874715273,2.1038313170053518,2.1850724512468895,3.563111557495128,4.573105696576306,1
5.621815131196009,7.950712433899104,6.7153192464040385,4.680122940073145,4.961967584194622,2.9949412707243823,4.96297372801522,4.422682722159723,5.645437120676179,3.345538112895354,6.038693028482345,8.065477826005155,4.782479703086285,5.8034234441978825,6.380287983422225,4.197559056228328,5.448184963620833,5.02518480156359,5.195352197097663,3.4539804322890673,5.049020348517885,5.9959965824909,7.902287215590084,6.918541652170414,9.306364915023114,3.465304874223901,6.744641273441356,5.366684011476703,9.379605866435345,3.383403429289697,3.3205563156384477,3.8012147091119557,0.7522085513803862,3.948489956638478,3.481734676892604,5.300787572952415,5.683511951554319,8.752341678431772,6.9008476763721,3.8461926886751936,3.203170657303284,5.983838343013011,2.3595335859587157,8.662917531708707,7.358880241442574,4.06164869579059,1.573730941818245,7.707744748330826,4.770920309494764,7.4756326239469235,1
1.8111446824112658,3.8012499540924543,5.010487399436366,5.093961187529484,4.099869057041513,6.2456998646949975,2.8647591412348112,4.715241029957413,5.240591263423798,6.028877668117498,6.423229756177779,2.7507158163242615,1.9317716585287554,7.555353643797018,5.6646280239591835,3.5030269268868928,8.102303951045046,5.231349268585717,7.358594368127653,5.135036962820218,9.121495849763974,8.510681684886409,4.502071703041853,6.943141901908711,6.290751899170295,7.737263115064698,3.070153078839791,6.372102919996879,7.116848973699176,1.4825210271537714,2.63348297466845,0.9215356444797989,4.461186331110884,6.435084511591924,8.004714104192056,5.14818956083955,8.257231091142584,2.2397970835702172,1.5932351212896907,4.888904602206763,5.768130897878614,4.934610503811814,0.8651157999202468,4.821759920974423,2.3910609989902936,6.339345097660077,5.733196492193697,3.1202404273452897,3.972266165326613,2.881572956222097,1
4.874641805453656,6.910284641002477,3.0285479073289125,6.008093031035688,3.9394847632551184,3.4142543354753117,4.785939280090885,2.929515355161252,3.892701389305636,2.604244214822303,8.929450265832779,5.070527103943458,3.6005489840148286,5.427959821468444,4.77534390061834,4.558060800933554,6.22833340008685,6.51501542009461,3.938997704778945,3.8483635187106398,4.449896605696712,0.39615767052883033,1.9696178756028955,7.733748534889049,8.289935427002568,4.501927920887243,6.153113926111533,5.622500309087072,11.157761616910475,7.2391498228691535,4.744164817038467,3.0889191187991485,1.787107359484855,5.406927271734446,3.487298509431393,2.1554925808046517,3.7068542315149466,2.83690399277121,8.37428327014513,6.763279513898901,4.9840547173667655,7.959888277780052,5.154736615295237,3.2774315973434724,8.046248154539315,6.077820087369317,2.925507691347087,4.619322643832784,3.2487634932304856,2.234400538071328,0
6.852355095063283,8.818833280940261,2.2028648523617176,6.125938473381142,3.698714861756346,4.0257492324706075,3.8152121515222617,3.2720184606403677,5.097043255889654,3.3380997671779244,5.540913651559678,4.899523781101726,4.522103906267181,3.1848726759168042,3.8464573388633347,6.510782451651512,6.0018343752487615,3.044889510402898,5.198664610858452,6.502774246743578,1.6611894377572565,6.08672038475987,3.674752482108307,6.141197337186319,3.4734816869149663,1.390235798670962,1.7449151242336747,5.096169893322764,5.519445003442963,3.191366749791183,6.277184917554748,1.6769598754620803,4.867840402705367,2.5779676004750867,3.696327784395682,5.094797342632828,3.2791732694320954,4.230888911540349,7.012585618428881,3.8462162609537023,6.671384224130284,2.740586290684764,6.059608355830566,7.883137241315801,0.056710999745421375,3.406209489059046,6.15414425436108,4.593909227914015,5.742291746742618,3.792029626568359,0
5.1731795749458,4.688645529215841,7.335564123319615,5.508841686602426,5.675205324150404,4.1762460677550655,4.024787551855013,4.134883624360758,5.788904284756594,4.158031038359474,5.579549713792826,9.150801597290878,6.742249406863385,4.347952935664318,7.40242784432789,4.183849253956897,0.9237509296442923,2.983827378165192,1.2584161579482886,4.296973031917383,5.036836758379104,8.352874624550566,5.653854747528325,4.561798942382271,6.658811162366979,0.5777293819842297,5.471229116217132,6.541730387773933,2.042827508440317,7.287508086413858,5.676992814988829,4.169424172198397,6.26556373221257,9.541385715608792,5.36373251011699,5.496441172600672,4.081278200919511,3.3003112610704166,6.660671633088491,3.2878323481822656,5.143132474438785,4.044685106469767,5.957959651492784,5.667324210573897,7.075079888515798,3.979967202290506,4.460250129413257,3.042472568435385,4.111413479847776,5.754600986089704,1
6.513977233290704,3.1556693516447494,6.73921184021132,7.711275717609902,5.826869806447402,8.753591625116131,3.452421601792854,2.510690593377166,1.4425595021914428,7.9920886229783665,6.308731312708115,4.8888306581790895,5.5599372526396404,2.749021905403247,9.891503959233653,5.258442363950455,5.218789589209786,6.451533247797384,5.962018463473426,5.447768048558263,3.4190510891093764,5.942936714271991,8.764048992950068,7.690840092309955,8.186373253278795,3.9775686471376295,3.020790359482838,4.748426159800704,5.111449824577389,7.188383036941897,1.6150707405703613,8.059100638921228,4.683984202842021,4.14623786010516,2.975791249479665,1.6902866562684613,6.646341167923829,5.146635934376808,2.4200782005178922,2.409842455872768,4.328430601419743,8.338043050578786,4.48081729727279,1.9937140937637876,4.508513871828112,4.454552860504659,-0.3937732858831433,4.8914102669643755,4.538130939582644,6.3924127296268365,0
8.69791218989069,7.253130059095515,4.462222618890339,2.7869481825166593,10.14671960649972,5.118436868028977,5.027858583825893,4.951749825779993,5.39616952153571,4.711279176152115,3.8526759862395275,3.9062821175192157,4.934493459568003,3.91315045773247,3.5743084346456713,5.212860455383794,4.490045565158289,8.007985977165378,-0.301939616786024,7.1830137038449235,7.492170384995259,0.8532195351837011,4.314624811839303,4.257118268008417,2.1849766105643575,3.444366624818249,2.7788483090683425,8.504540886847245,6.871356786294922,7.543110189988317,6.44334412808647,2.7418964575655416,3.9509594674404527,5.978749122455836,2.5557443822161092,6.425996860344776,4.5193492036837295,4.250358384900805,6.421919936406983,5.88852662297208,4.278067668361841,7.318659606728496,2.8378733448002054,6.231871213888527,6.186202515936768,4.38090712137202,5.652266044484236,2.497772847229394,6.848054038413802,4.630195727114022,1
3.954553958961921,7.098018451673779,3.5913126189144817,2.1830774072728807,1.8867416529521925,6.21201990269128,2.439141295007434,8.50958836396873,0.8361411842325559,8.392912736580076,5.422034934405237,4.806573776259215,3.9101618263821005,5.798272228704142,4.9247305951503035,7.2066037640330425,5.228455297324079,5.300603522923756,4.272775575572288,4.886108752557865,5.615603537784119,1.5796632146867489,2.303629155788574,6.48652818804543,5.341730876255884,4.632033327294642,5.036867866130787,5.695163410723342,3.920480639381277,3.4433905491953745,5.391690510195363,3.0432544447699357,5.816505511428944,1.5948327915243192,7.058311274651287,5.9451949648260864,5.5120594686277515,6.965381967891028,8.330948888925153,7.028740130036261,1.3182515373367094,2.440846066528597,3.7503628446086426,5.052182100421668,6.035318040938246,3.548512373693069,5.373533528954157,3.489234135293355,3.7769643940161037,2.1866778063035555,0
3.1535335077781914,2.2966307887673327,3.0482534940453343,7.107283593215679,3.1012022223361138,10.26476412967478,5.9866358017617785,5.369672247389747,3.2832844396375727,6.4006197588179825,3.848724347524452,5.244019629290723,10.12016907653759,4.8078802005507,7.298546652571352,3.593647149748225,4.930023019006077,8.54160127127102,3.746065884424465,8.624897115993857,6.415503870910951,3.8750664482114647,6.264815478111042,6.9451088992534595,6.243619924434393,1.8595505602190872,3.545725648350263,4.504962728896991,4.851133141799908,6.241344195101356,5.355402001866508,2.3293112825797975,5.760395702011927,6.221171490567646,6.11958089586208,7.161561451109243,6.667844309097808,5.918360158456873,4.859668577082706,1.6780781329680172,5.859236438265172,5.4153753743262225,5.543157674390747,2.446502848359381,2.8378869191834752,7.1063057066658075,4.92088969228669,6.363001394745249,5.056636752260922,5.05951227899149,0
6.876567611951995,3.967910543565252,5.192241553881967,4.075449422589915,4.131007545135369,4.381655753062721,5.444267543267426,4.042502756673045,7.511512251147042,3.2107853955609924,4.626256711677282,4.12053788345165,7.893955768707466,5.393109553023149,7.063689078937269,2.028879253926056,5.534100531738518,6.779261591246874,5.164567978550848,7.130960750130702,3.9654230997992554,7.81869488037116,9.5977962472385,4.274322879120682,4.1089949571984565,7.906768954235401,8.159144291461425,3.9542799456934636,4.159626365808285,4.436430782278985,2.311098977931446,3.1626961070316035,2.9917184664958643,3.464404869791743,4.930630225226437,5.468429465073042,8.101000985628154,3.003291918522418,6.968644796953168,4.572022311548982,4.901072580695134,6.3496389843332075,2.7545559568754028,5.764819492368101,5.332904416426112,5.984902528016298,5.5783372878156365,9.91060027982179,3.7245200314973683,3.9380060899963647,1
3.753718947150471,3.8890457616794905,3.7252257453869646,7.378033062215104,7.841008495979709,3.8585074125010475,3.3352888537915426,5.942831112772808,3.8955539114380575,6.265863635511021,5.405846041702599,1.9685117700055361,8.095010402660122,8.591755346191043,3.7744226190312276,4.224596880128032,5.57173078144981,5.66891357997405,6.317088545345661,9.0204090775327,4.646105545011901,3.4034055109230925,2.2413615439709456,3.538139920116162,4.933746054252405,8.589115727035576,3.964777401927657,5.447575903277797,4.967154207854496,7.376786546896168,10.053864851747242,3.938262454159359,4.021121114963556,7.0883217541381445,6.363782979252623,8.693414651472068,6.167856370651927,4.281415818425881,6.181309661384619,7.2174071611658155,6.640964362394728,6.014548062214596,7.133349379178307,7.3385911808913455,7.764317982075054,6.297419775179286,4.665763839366291,5.293427372866645,7.413017933016714,3.366128658025528,1
5.737346617745803,4.213322375345278,5.057489645869635,7.556903725214598,5.382198136039807,5.092873096312298,2.2802877180401615,6.492507132054442,6.29096836228215,9.32650944661092,4.384443530093998,5.438300655327878,5.498767367421511,8.15490655952695,4.809408935226096,5.558043051540679,6.215793019433079,5.3732182463127165,4.107132770898944,5.388179985796615,7.1472634997195446,2.9469694011778795,5.265939348293752,3.599758370121654,7.390093257849685,1.9536261904324506,3.8821563054568236,5.754423750129042,8.13104805846868,4.868499477854025,3.8896009466136032,8.76231413888118,2.103972199167512,0.6023880867598361,5.880028900106665,3.9958915512947777,2.9575343657385735,6.416712894598707,5.487601427542398,3.871842738526543,2.439391202658211,6.744914656560289,6.300402355917322,4.801648272441234,8.693273992095332,2.859830467347695,1.9489496581505223,3.616183860237511,4.908827967289004,5.486678898645383,1
4.5175278842873405,5.704110793028594,2.496921151619112,7.887529208146519,4.835697643214862,7.234591663176255,5.685450692755408,5.913506438307568,6.139534560464408,5.8954171200346295,6.285445519735088,7.658305060264863,5.39304233940294,6.418007515177025,4.820528611425546,7.880234430898946,3.6472153958814606,8.60188086582163,4.919684098711313,2.1384497957639037,5.2562088298215786,3.6378966850502383,6.681287097977448,3.694752041395218,4.107633133570441,1.220918538108938,4.095387361501847,0.15224134674208667,1.8321943530285534,6.520829312288595,6.571600317301664,5.85091512356993,3.066047713741574,4.90457728771604,4.992794921818863,2.6832706216149145,8.006796603534301,6.7547245811513426,4.558071652340672,5.053771677989062,5.416765615895105,0.9165302631514187,4.5056452349588065,3.6360315040044027,2.996759980210169,4.43779941422809,8.595373053699046,6.28168572253402,3.8576420204344064,6.145165562712317,0
7.798710873172004,6.849267365825538,5.119260739840349,3.706126444588852,6.39644662722718,5.786970770843499,6.790386440055465,6.270343603363939,7.09910543063867,3.9295295768788643,7.634788131268651,5.395199209384799,9.150521745250531,3.6216243638208643,8.4719276063305,5.395821566925296,3.6971639927711033,4.032228331891357,4.3593053836113596,5.848331892803833,6.0456709760709995,3.852599992122842,4.951290815478035,9.284540717223727,8.455086340201422,5.872647339348064,5.076006956336401,5.240062653436523,6.227035945460833,2.954414869603189,4.48524692515331,1.662831852244821,5.798446245210559,6.294391879405482,4.033627075401252,8.147973526580065,2.5484686739953175,2.0712502395803596,5.448903637119944,7.094196605224309,8.367855382915737,4.0822314742621195,7.157361666862592,4.922983060998585,4.654745400118361,6.767319874973345,6.304645756826839,1.8472156860315012,7.9530806994517915,7.760182708294903,1
3.748874596980941,5.791607066874818,5.988060372565478,5.521347531647814,3.8993896923091595,3.656753264123897,4.9488918580171095,7.345458038518729,6.087200309188865,4.258771335827788,6.54339742129669,-0.6970852412601509,7.297531400744207,1.5205724424438007,4.275118117193736,2.7606602107477123,2.4106370485581885,7.321653574757039,4.064597597376217,5.693007763461432,4.906158842241632,5.954081654446243,5.15364378212051,2.4340155516228608,6.99253363889428,4.012486833677375,1.886836202680498,4.143769678068175,8.00151958126862,6.7004434842269855,4.302695731184282,4.301484591363143,4.356729897565235,9.153495967121682,5.763870904463107,5.8600832943821395,7.060566908063684,5.477578318053027,4.481915708358594,4.607300301830043,4.856797481171872,4.925555526980316,6.4552590872739595,5.103891771614599,6.465280154431158,4.838566839782835,5.157270380632181,1.0035986309357847,6.832655349404963,5.692976951795986,0
6.996020219719305,-0.7925107563873786,9.176749409561456,4.720820743689653,7.216365633475033,2.9201881457489383,6.225547810125139,2.8931688736526877,3.7524620786083895,8.828062707733572,4.6186351984733065,5.434865746359446,6.740135461377508,5.991363775945209,5.3008378102871525,5.729922004932451,9.80683117047655,4.884762405932829,5.402198093429935,7.1013087920152245,7.211051865915968,7.37406061112076,6.277460444058369,2.713990174539033,8.266863064602191,2.707309213962624,5.605270930478066,3.4914482999612844,4.871723306814015,5.657524820606961,5.642714430900546,5.84384150847057,8.227422538117294,5.90706860302796,4.511686729418702,6.928174336576714,7.378940977849281,2.544784369726015,6.194800139699716,6.402345484621796,4.404872993280016,7.751413626623239,4.699888825934947,5.2511529069430845,4.65385635143226,5.031158095162935,2.8074498262095964,2.1198982348114113,8.189010126449944,3.3060773033633444,0
3.0172153010873854,0.6932197727925704,3.7220765046209956,2.3538204131850033,8.284030320272738,7.019634178685268,3.6236993096445524,9.504871610688618,6.963530973983189,4.350337232982755,0.0011885702528537934,9.581885145181484,2.220855066472808,1.7092025060862164,7.045140864019281,9.879504812678546,7.768545637021036,6.12781824010472,6.189508683330572,6.706831117560616,6.5178571795735305,5.562382847938752,5.208402207903752,4.874813744200956,3.4920708222666477,4.438649846266452,1.614086371609229,4.8033207464105,3.022817785698165,2.792821365568458,5.359788302306957,7.784004572689199,6.836633212004626,1.858998792753646,3.020743726859325,6.881542375976432,3.035025212923381,4.550733700005951,6.100104198049104,3.0633110902727294,5.21075101229192,2.331949010163591,3.7972647120975727,5.639563868285074,1.8140125329366614,5.880949475920798,4.960724402146638,6.104979908834295,5.447828268129323,7.728280859947688,1
5.250449005295814,4.141188917749494,5.244595006064568,6.086596058072776,5.0977201406514085,5.081183382407764,3.5960166243864893,3.6741981648981037,2.194789456400613,8.499153486373878,2.51227352921743,3.6141896044081854,3.5631854688616054,6.789848753888883,4.410100643415944,7.495484145347468,3.653018751512263,5.557988324447604,3.3293058934804853,9.290298255546777,2.6248031619409744,5.619641420454055,6.267553761864197,5.827598194902997,4.629424682244584,4.740358600533147,5.087622943958219,4.705995996743023,6.927758233589819,9.421046003182703,3.885016429984333,2.2603940408418444,4.82343590329749,10.159418675308636,3.3926508640605384,8.278233610888135,8.355401628152881,3.892823516584011,6.137966158370551,8.256793246257075,4.241744518025026,4.592839279795276,3.8366381721027123,2.9704865386142663,3.701444909867986,2.552119466475487,5.068166936518452,3.4600535378827164,5.467571823581496,1.8882087075927454,0
5.661760464428914,6.6670579232178495,1.0125287148570892,5.748113139695144,7.455337984946585,2.580717962617589,8.345144773675408,5.838038018732091,3.5899762884831823,4.8884618446845876,6.116653825043445,5.152010782824823,6.077511984892738,3.1586528138412673,5.3387216480721555,2.1725710061900396,4.7775478773026,3.1921847170704205,3.528940114820467,7.472186350420875,7.182620241188538,6.218276241814354,2.815374470654842,4.367183100610396,7.426195399958367,5.28343382727981,9.63865907996339,5.786635678788744,5.3840982329800635,4.3817670715949975,5.267081809564565,4.695060327238912,6.416217353377181,6.913404633589169,3.4280210789841012,2.337534092884444,1.3275892537934069,6.015982653825088,2.793266787652253,0.6942188140950343,5.7771572090619285,9.985999034865582,4.987858176920214,6.676981548903283,5.16365871709513,4.8022206936177145,6.838152965975537,4.419450911622698,5.534784628143806,5.643395612392027,1
3.6638190927139025,6.984084699073046,4.650080486609182,3.4885096810143104,6.073019687140807,3.2030640364179255,5.056362314738257,4.981762006711593,7.171791131663156,5.949396465759905,4.949946082509713,6.635532598400574,7.780415098034627,6.115620612703724,5.0207052396867615,2.376327535299681,2.869772673849255,4.389550591290664,3.7809755956814337,4.626057394029108,5.113299849794214,6.059385508713461,4.859002443881818,5.9730032876524035,5.12894882962024,1.0490668672922574,3.1213292123624914,4.7118248885567695,2.580610514317785,6.199857459992409,8.061501664687395,7.437523703394634,4.573114258139584,7.9814522736999045,5.297334914404223,4.325828057763921,3.7731946729181205,4.395060627023743,4.223646362917543,5.340832444750975,5.3211479620997295,5.006092040306829,5.8738763394927,7.381292549572683,6.899108270882648,2.030204063100193,-0.10784226980390965,6.868639822478547,2.266242603169158,4.550469196214633,0
2.659773947881281,1.3960391248399606,6.082925456409576,6.518310320605294,3.846979198546561,-0.18208458428981977,3.9075111034950343,5.783608010805093,2.0421768624517425,5.3667198395583116,4.969380301654009,6.158582999202177,5.239160736828307,3.0538621182368892,7.393143003328983,4.68294085394606,4.945390920980136,3.133464081853608,4.11343549761698,3.2303945719461984,4.654107880153154,8.423416960284687,2.2561977141372873,1.7728772042465177,7.942340654987217,4.581352645696268,3.6618545226801666,7.079809374792153,3.788768920526272,8.652019427093872,6.355851742678539,4.024177183708595,9.314616426531007,3.788570153993323,6.484190744018614,5.598585160812984,7.603482578797596,8.123022393453706,5.064008298131533,3.4931642593076333,5.919944285878233,3.6445692604957878,9.026774495053246,5.273070662165475,4.269356897375783,5.3693606117298165,2.305747420940607,3.056771922978697,7.400827815888851,3.6862114420572087,1
2.906178034636121,6.073305505054572,7.371408309325994,6.437906621330134,6.992095371611633,3.4864098228610785,2.1563786665163125,8.002667303910973,4.354640322315729,4.498333967089906,7.656388283698115,6.11246001880132,5.911775544163215,9.330004689802168,3.712963539239714,6.855680256162474,5.114026249794169,5.537184557726514,8.056936852825064,6.015671512579248,6.076592158099266,7.145014674619604,4.270094540914229,3.3215806653219873,2.910381611957933,1.0672868212479965,9.112414259880644,2.7935832685566337,4.557492752828456,4.446373400222159,5.614813395618201,6.6314744250785935,6.720946976719491,3.8338451228621233,4.665756572427177,5.5651599009765995,4.502617747632906,8.214691152039986,5.981949903276503,6.4697555720996345,6.325762537334826,7.34694771497065,5.3620431174074135,2.406336104088307,5.799375903505283,3.697286212416342,3.9427666365004863,6.172728037510186,7.476566142867272,5.042543153472123,0
5.617666025197927,8.404429889270476,5.4815063589771365,10.203366228360789,6.1310192912630885,1.4784744816883646,6.506683242209065,5.7623167697655555,7.579505508165491,6.346362702539917,4.723088032032452,2.5514035274212685,4.58195348542795,3.2989590915813998,3.8389531003905546,6.177156808841219,8.339809008702812,5.7893430596459625,2.6082338759296313,5.889205336440281,7.393262973291302,3.780434191361236,4.7319656666541645,5.0293763894583945,3.43020337383552,6.2965608676877185,4.758103702784437,5.839064887814056,3.2250156443958,4.125083399353179,6.444762715655543,4.254333695816466,8.45392770246681,4.200727628770795,5.449369451503772,6.8651816637461796,2.1632685341339366,1.4783823760384482,1.9486873708598105,7.525168206854364,3.8962837082151065,10.116398571336504,3.871504802685223,5.369102606394074,8.08421990513575,9.012185776318246,9.123007153272795,7.416732461186285,7.048125051622925,6.185053898402366,0
6.5567221523332755,3.897628567342933,3.363602233155386,4.993251085178096,4.659630754950143,4.093543901345449,6.392774894913431,6.910610417141021,5.176813772583695,7.955060162110524,2.71662177173299,4.612681081440564,3.5663553587943904,1.26692676585388,4.834638628314601,4.756504983233433,8.026899486484261,6.2616233691095555,2.95162635134159,8.708185132668376,7.442067391050706,6.164195406937232,4.547031802300336,3.0811215265530407,4.255586447857894,7.177497239408372,8.769172611869218,8.086487056544378,4.022301156427452,2.7607651334219776,5.281772493822408,1.4631212688742967,5.646335428369563,4.7047948274026625,4.067926996263515,1.810593865466409,6.027200213139433,3.9345983206761774,2.660166328579424,-0.7445244265632986,4.9449701898987275,8.544503193339487,8.32251842909574,4.0858074868274565,3.7955758792764387,5.937548512150047,3.0032291216234173,5.6035837996389315,6.53216055676938,7.453866447768615,1
4.799691847040094,4.592652499646068,3.244034826486878,3.3462392919202797,4.547042216196947,5.734731013632356,6.827169252466499,3.3936420986393103,7.985377137919043,4.457752797914862,4.957265411303128,3.5055766417043532,0.1515194794541168,6.7680907927220995,6.473687794184867,4.437344885763573,5.133981434449744,6.031878435408199,1.8749082862269146,3.9418946453074106,6.588529359243655,2.491421153661501,5.587115864333258,2.28683639075319,5.932859964867053,4.9287170354050325,1.769736368188981,7.329478708914342,3.5308168464039014,3.3794951259712382,5.401138394461886,7.29727469885743,2.968356362043206,5.123359699695944,5.857633000661146,6.386211214526288,5.35288311055445,4.265944321833356,3.344819558702561,5.172287766092749,2.855721976028786,-0.8427009669892147,5.873119608315336,6.807869682172391,0.2741351289163232,2.980538590580125,6.238308522010396,9.114990939423397,5.041587415350816,3.543994117541731,0
4.63420711779032,7.74975283829637,3.708071641750929,3.401615986699493,4.034512955635935,3.0933427834825755,5.245340631989591,8.24935691693912,5.6461585462320585,4.495292995747425,4.416377462168912,1.873618382606686,6.766219554294318,4.8443256059743955,4.639040172818749,11.38621513568972,5.597505816731372,3.4964178998096314,4.147284807588913,7.29689141839351,5.226540821075529,2.1234440433652666,6.838457869150407,3.663711828922012,8.74659555243509,7.160096131429297,4.1053562086824975,7.562032723470226,5.1357110210548065,6.705547350244439,5.96946563458895,3.3072866900182527,3.712900335365076,7.059921635162322,4.330449335786918,4.1927030735160065,3.089754841301294,5.847198131186922,9.12504983848629,2.8649341714914542,5.0484389133455165,7.8244411108308585,4.84071721750857,5.904743592499468,2.8752129437062406,5.856614194415297,4.625711469990902,6.971459991359726,7.374772103129502,10.179127284037229,1
6.1592663464271515,5.6515926331643325,5.388768603154672,4.293667414378623,5.6769676869233825,4.409197179721941,5.336921952539228,7.63519507121592,2.9869148694407177,7.279757122258091,7.634230134679731,4.763862946017842,0.7562902019828108,3.7843560258111353,7.593989093122218,4.954263875402236,3.0013955354101785,3.990450157543565,6.681240053009106,6.093467136402759,4.522135801660611,4.266351176370625,4.216483701912356,3.155179631002995,8.230751378938884,4.35535906157732,7.434317041650993,8.042632103844902,6.996621796295921,4.136759374563903,5.807460180673219,4.951608787218167,3.1925962785397437,5.6487185634432056,2.641920417680395,7.375358776923127,4.070765405403214,5.4023193117456785,5.566575743092284,4.482190052591846,6.17338760295055,4.050192686754951,6.742594594914488,2.308040639506503,5.2527591590928235,8.87785799811657,2.9993373507888506,3.644510058950297,6.02781569931783,5.359163563879196,0
5.701260198547119,5.978374260295327,6.269442937123539,7.219399683912446,5.819637313857025,4.517484690762915,6.345147402405463,8.799763869790432,4.7347325072348525,3.050941390658717,7.214161338573946,4.759237672092803,0.6546609079719277,6.694843354300843,3.9293436280921545,4.818933435391679,5.663960661138029,5.380999359558133,6.418903634278079,4.129027258860313,6.026211596352166,4.4809066448321655,6.477620961775006,6.230734968026107,3.1291225959108093,7.1719642323500645,3.928073109771904,6.61611559656229,5.734574626802681,8.676367353590244,4.553068035256295,4.301366407763605,4.961160788224535,4.3936404343314495,6.5998838038841,1.7673787831268242,2.892635161707292,2.864394156841614,6.900615183947151,8.42122674516385,4.791101562925057,4.662356553619979,5.140104326226362,7.323756605216381,3.145293731618852,5.47673796546957,6.95039525956486,6.002188339879691,5.379163233197486,7.002092185134282,0
-0.40646458599847435,6.3557506390618155,3.6918486337451526,1.3387342062870862,6.022405199049961,7.747317090325915,4.725102970744616,6.905749094405878,8.22455651597729,7.629828907168095,8.279929058742786,6.484254982143785,5.150867277803186,1.796068376205663,4.507875023740103,3.3135068093676168,9.341885434995628,4.648228375135327,5.2464096135689715,6.102970752080935,5.087204892744907,8.390102080861507,3.754701276531096,5.389214910474485,3.5150588286039035,2.3599549775585884,3.7764618181894294,4.9259264059031755,4.1413955509654805,3.615158040252288,2.1873650726563323,4.83378885474261,1.9905592519379955,6.520111927379205,5.164879505869006,2.084897001070139,4.381581845900273,3.4956871888188337,5.638349020838361,7.680900892046289,1.2496550607085108,5.230052158294835,4.679734408866719,6.342680152900932,5.426393256475379,3.496061336522362,4.361892128666764,3.407948286393022,7.152014277197196,5.0426232973438845,0
8.802381371506016,4.878678372370758,3.5831864661790744,1.9725712147743457,1.3937206474881099,1.8317281139890205,5.534253302022967,6.017450046459867,1.8376185959357332,6.790076628152231,4.033877896633121,5.293586023971098,8.224441256510849,6.793678631731064,4.4629387041883355,3.217615549169425,0.6963691973413901,3.56169336151516,4.577739522344611,3.0256409456976323,4.737486065815391,5.153703765917537,4.550288036383843,3.6999948383530805,5.337309343933455,5.883881299138818,2.819201845114308,7.82186475949254,4.802823735431477,5.037699245889695,6.4164288465131145,5.466432262527003,6.90627326782649,5.574248330403648,3.775125250719124,5.723007050412203,2.7125475853586765,5.217119411553046,4.933540018711079,4.583766285454921,4.742924977122138,1.2363019090047218,3.902550184518077,5.185689802282229,5.319712783994801,2.9446497181480837,7.531415681729401,3.2676503035709983,6.938914401053474,5.854388723743369,1
3.7075453803123937,8.550621785219024,2.61272633648704,6.8383083472200035,7.0011646360859565,3.6587595818467102,7.784930600128657,4.499906970802094,5.577387258559714,5.5206436775424415,4.731382517058904,6.621616546319564,6.586977441104426,1.5029360535236385,7.608680485756305,1.6750160239286513,7.065092408683315,7.253410273655167,2.8180671395696035,4.17837142409083,2.7885906630281285,4.570157939422529,4.383931431628517,6.55932106453868,7.620617492239217,7.791367621579912,3.875663946843396,4.581556252510945,1.6331236155580995,3.3882598670076227,6.929703266194915,8.231165647096464,2.531302256240156,3.8150714816942113,4.947188486082146,5.560322317639214,3.3807929601567075,5.8481220889281795,4.052321305858168,4.9710954582434415,6.092568496007399,5.0128445396218755,4.127228218946863,4.780780392148339,4.82327408158933,4.2599779402357445,4.482407874665795,8.197294341009433,6.121838895882478,4.409039363941679,1
6.393908809021472,4.33236102048798,7.346249275173283,5.739284384396187,4.7853957119915425,5.895433851620555,1.8582476958630014,2.7464650621803894,2.612149987201889,5.285886189527414,8.465029998970184,9.462600292385265,6.276102202881514,6.001688949888914,1.397884531694522,3.9146524005319563,3.424432496183522,3.7583048034977677,4.663712362830421,4.055818844605746,1.0414003792484245,6.495820512235068,2.854513948520387,5.478493728222299,9.148165339499947,3.1612308168271532,-0.06057504549265946,4.427991556239778,7.201919269997142,8.916694908441187,2.5409008110951663,5.993398446473043,4.069379086439893,4.788103291391729,10.28868669403407,1.9940593432096936,5.5074793229891466,5.935386343530866,7.171572649878694,5.1959663069417905,5.616101079008205,4.216702865156417,5.538253882490214,4.313615449005179,6.243143779712102,4.260779327912732,5.754200787804373,4.941474372630044,7.252100501544336,4.897212552823028,1
1.4539350635862371,7.523843001427983,3.1885353982747624,3.6924673227023606,3.808677411913016,7.748876186341635,0.728651572042609,11.275497067319987,7.112113618132104,5.4464778282583195,4.890211998767427,5.571108149715314,6.042244856758677,6.290431171900114,6.111208932006897,5.179161362510498,4.605323159385348,4.697453432692977,4.610183439294638,7.2675401937341295,6.1871134445617235,-0.8807772693285605,6.311801553059522,5.389472389437549,4.962582487108206,4.222963093822228,7.2482254399720265,6.895052924245716,3.4542446643527818,5.81410457424907,3.0566865309174283,2.240763670422139,3.74656555082007,6.724786944765517,6.906250090752174,6.026170840194586,6.450191573695994,6.032356574229917,3.7170368095540955,5.8638450893478815,6.600819050455365,6.508582659627148,7.377826742949286,6.416607694402128,5.702896415083166,7.140300476632855,4.9469574815018795,3.2362506975445644,4.673866072112472,3.510194710387102,1
3.649643450051237,4.710962658568964,3.415160158000077,4.384076940721919,1.2127706660924287,5.426587414745877,5.002410950724449,3.3658227378636187,6.31849133686481,6.875140275253116,1.7848802712620517,3.4745504428675718,3.4617153004254035,3.120193797782271,6.658949683863497,4.612347722454393,4.470970317378779,0.9922752711864931,6.2708360604184525,2.521483210293055,5.119865260532657,5.554753875916384,7.7213171916773025,2.382359201761776,-1.0390243116416507,5.36769908950739,8.601022363021707,7.477892705878874,5.419318830549251,4.0167276287359055,6.614245193274621,3.0529076005910625,5.952715538712439,6.010940318333254,7.12041981499776,10.519320077822155,5.784831934357534,3.9820727485850025,4.9488513756160115,1.4618481902217635,3.6105737378218836,4.181435123773792,3.951823204130815,5.304709744067444,3.355160135235599,7.242061334648943,5.000414129836394,4.981399357722771,4.344210566974164,5.310381367717958,1
6.650196529335269,3.2657395685781996,3.6837670218494867,4.3925479424466705,2.30825815305357,3.361484280557004,4.047558252910682,6.748778361425455,5.52512265800385,5.387179822735089,6.701795924335944,4.725256423201206,5.780929699857779,4.793556494135007,5.530724698799257,3.8344826847768356,0.12236568344714183,4.731441675627392,7.84549627219988,6.852430804483185,6.930794969182341,7.472261443612435,5.177315181922875,5.394631414811191,3.7646962091312997,4.3678542879459,6.231542299542284,7.407768874337632,4.721107448638001,4.099621470297177,5.001055917713194,6.202413497858229,2.1122903677329163,0.40763809372552373,3.898926301016833,2.5585751481716827,3.983719604705378,4.704439362365057,4.093503181953973,7.904935068941491,5.65348952920464,5.600948719221657,6.244414288086804,2.7223337644384618,7.078223574840537,4.8484714269290805,6.340961234482425,2.856285533919689,1.8924824679678713,6.6357793160500576,0
5.752819052195033,3.1958968912849794,3.2606738374506112,7.250869568829539,2.6211762142653443,8.285345906511926,3.1987585307042625,6.276783851216766,4.3427630485020305,6.206374862164687,3.911771995771615,4.674414187855412,5.081838350791442,2.9956250884370546,6.4816486908402515,3.9735728670568298,4.542800169319963,3.0113012507829753,-0.124667317590621,4.617944474799662,9.825230843225832,6.569208575796048,4.961479240531211,4.474218341583464,5.044931785624093,6.09423823035042,2.6383743693823103,7.228643389337744,6.430762630882488,6.436371451415869,5.876951477619454,5.03923331538798,6.34572247193364,6.1836282674827565,4.2919185781179525,3.852796454206198,5.203712590523973,8.098040302990375,2.5217858486921982,2.06494946849512,5.329521682473033,5.101775403712036,5.346683328740816,5.487906395817,4.55359549073039,7.979726877204165,1.798192043046969,3.343005950439508,4.793490479701905,1.7136223776916655,0
4.648291191135858,8.322940331456037,5.041772976591924,5.461401811437367,2.4796704696548395,3.767277183921045,4.249607239352126,4.364569806487532,7.563287590007537,6.115382121450249,2.777084086125936,5.49300955686401,5.99644349699357,7.2802980770425325,8.161081373136748,2.9698116163442627,3.3782849775793236,2.4848442821707675,4.531960281786037,5.932716748892669,6.974669033178204,4.848097952714954,4.360304953490312,5.303515984497481,3.329714196739954,9.179077443389547,1.7846779457638826,5.369481157791449,9.04721243845928,5.013599689119996,4.619921929997011,4.285109154379145,4.639216636475185,7.745696949353061,0.5762761773409864,8.066867402592651,2.15208569509971,4.46669534153117,4.141511159402676,6.177106539541439,1.8037512962325049,5.9243453321638855,9.048619246573704,2.273651990814379,5.379412335220791,3.676035644406782,5.851774412386072,5.038295554831504,3.717026181911381,5.975744569742148,1
8.608696219573487,4.618192416545402,6.439515884296364,2.4134540842576726,3.0871272463639823,5.9448125557607545,7.96823205707193,5.71122669757132,4.373883938953691,4.998582810846708,2.499184532060565,6.209030652710734,6.764666124646818,4.095819334333839,4.059915704480997,5.531756459304097,4.126560527918809,4.867734770748355,9.199443578333032,4.505948598508007,4.283319695957555,3.7049163887296817,6.4883839429998735,4.637551653563794,3.701253923357148,7.642608064546025,7.839206009027274,3.7991528685225897,1.2669200972787675,7.015027379673844,3.630740348479992,6.581251198325537,1.059792364576329,6.785194676598619,2.5776561414384376,6.461528238133049,5.028546135672868,3.0921211612067103,4.185927374146439,6.372636913913402,5.211788906230469,6.168825960944968,8.95288116903097,1.8715167765778973,8.234425149937248,5.208711875046426,3.2024319033537436,2.3393727485220204,4.621759218445933,6.843300223848919,0
4.744901759244931,8.022309860494694,2.0976486198968822,4.975822104307891,2.495213111173762,5.727263765249936,6.773774780194601,4.158476412637894,-0.20842771325426845,5.397896293592989,5.873477103467019,5.8085895099233955,7.471564383644308,2.8578926407019023,6.360432210900899,7.385015024955949,1.4428248319869663,5.639303651837954,3.991640337984657,4.836954653796708,5.695352967076673,4.025542871772895,3.6485838416767766,5.0683048349760496,2.8255081222743947,2.828349742229629,6.358746565913007,2.702411929682688,6.332625001818424,5.925182585707902,1.5483865424188066,3.64487069532869,7.388218806094745,3.0376689377206367,4.071191475381225,5.924121786503793,6.566781018565191,4.496922227911009,3.8049796106167166,7.844739723397016,8.477799327595157,6.957716101563591,5.1706362851300485,3.3834685567181473,3.3391111868868695,6.045028210531515,5.836796441777367,7.803197185892859,6.300900185072278,1.993839396480364,0
7.103895235445837,3.003878745371174,4.232057456095297,5.500400412503389,8.99133497956793,11.219837112010723,6.2134461182723655,4.633606762559224,6.069011296961101,6.775310851747673,4.358664748885617,8.590422711824644,5.460141518382804,5.995486178182788,6.3318485041089225,5.843173221228911,6.677881000939225,3.765493626906154,3.8833964921079387,2.79969153405661,5.879002461240453,6.557873007024228,5.915545732303771,8.348984866695075,4.988807962341907,6.337483311185025,2.8165982477213714,4.225800595051198,6.391075515131555,6.698204221486288,4.412066104671635,4.856801496283866,1.9642525066383811,4.285941598386781,6.780766327039572,6.1504100322131325,6.001331442762419,5.09954737436192,5.014126317256353,3.6793577210531057,6.3976568404050695,5.841945888778779,5.984037695985599,3.9479303146648395,0.6933141602575112,7.194305423507391,4.042325087983191,3.2744484719137588,6.386957823827988,4.215974720161741,0
7.119872768093243,6.234011899153395,6.367138646400955,2.2680885775989315,7.423887970772801,5.522501062467712,4.261445721507593,5.286776934684502,1.44752953420336,5.817305622961341,2.941256983635857,2.294659428312931,1.9552816275642178,7.2253767499798505,3.7414732126144226,8.067455419833,3.9283970738954044,1.5852840848141065,2.7669511201026817,7.471623240013877,4.688203644126665,3.903425407018798,5.320036451705575,6.00356547233509,7.234797631804922,7.896998459785852,4.280462708421829,2.3479046278359235,4.173069677753448,5.520561013165772,3.0724821475787785,3.0856981702099144,5.687575763099771,4.902695296859098,5.065593990823173,3.4830093305998613,4.539198571588465,3.151533711463391,6.780396822249574,7.070498669447505,1.3076242755238123,3.14097827961518,2.006941489819842,3.699952131186204,4.833124060419278,2.10070956060294,3.1562803737493734,2.992085255837003,5.414534658797888,5.138688674072501,0
3.556524893325493,5.353641744278796,3.906639830825469,4.456689779347894,8.346904180597074,7.680922103580696,2.4008375261448047,6.6594648357583495,6.622793108983184,2.7034734224947634,6.637555287509722,8.075863836825105,2.7549103875111722,3.164994357971473,7.035322933687005,5.542990621651296,6.1029525504790465,5.681178432800993,5.781391841856288,2.347055743377834,7.094635413242896,7.339179984855547,4.541218511863945,4.913046100372275,1.9377849948885557,6.0285095120356695,6.144114883428288,4.875617966001378,7.248706719741005,4.331845538040119,6.1292118517872005,2.960671322615769,4.952895698251524,4.651291484194329,5.4506158440818835,4.260946142333283,4.737054808656664,6.652094342883013,4.126471525523565,1.7868457985226414,8.499167808410842,7.7629081573809735,2.4154746097887627,6.379415610490389,3.9940504588973136,5.526974430662119,5.588448258026988,4.531184399367356,3.432468668827207,3.618917895367481,1
3.1676161690375153,3.3363555835391105,4.865643419901289,3.5684800217784964,6.36410413142524,7.974492310671854,3.839893517259914,5.478809001070754,5.999370220605868,5.944004541838549,5.151910535832175,6.4853648367194445,5.9644979053613145,2.5246751553454043,6.738312128778547,6.774581674533485,3.4734277916428367,5.075875670895204,6.366657985622139,4.581372360841277,7.145956095532023,9.727744989238722,3.4280279347300353,2.2379107936924503,5.607637191209752,6.443125010252287,4.538267252310462,7.906521326642069,2.3227884005535024,6.385837246063222,3.7882783584822133,8.438755812414593,8.985030706336236,3.466686824433304,3.90088572818284,6.719175773959604,4.225738700420971,4.909177564135524,5.05077684108482,1.1606536876046873,4.972324507811526,3.6205444518716523,4.013754355200456,7.887264006937628,2.4869862114414873,6.626410373495954,4.442074139336383,4.440479663008331,6.580743792103423,5.680102589137781,0
6.141225994439062,6.9363693210657225,4.337383233633354,3.775526530984499,2.829698946884404,3.3491789400420897,10.898188850617451,7.4893591614735735,2.2978512675839573,2.3550840865128597,5.963732123436983,6.094529594755934,6.097767670634729,4.490088412892605,4.7490914799942,5.655759048318715,5.171786012586661,0.5613992545049298,4.540400738849613,3.297187131479373,5.350422837817024,10.97051800520682,5.7349633309486086,4.372940627655204,6.843603003954504,5.965375774418425,5.840188980903682,6.213701186431342,9.113087129659082,2.7382231293481687,5.947264153622909,3.147237740036923,6.111025292684497,3.162626977027811,4.165266372789831,4.409820171524188,6.951633438689418,6.836908887884828,2.508565247107231,5.109868221999697,3.580840290501655,2.482990178649331,4.5659658991512595,4.38303442308836,9.853432972691046,5.865919650721392,2.2447649984915254,3.8704519916581157,7.042766590858797,9.17688554573985,1
1.8280333755240834,1.24015122972191,8.741930350743564,5.779228354741807,3.263414536247267,6.06925817224487,-0.2714954780337555,5.006751013194322,5.655642345686171,6.848540279075659,2.9722080954149246,5.171374322806718,3.1491507478808254,5.510767511348634,3.2093073552739515,4.183798321679559,3.008369210419542,6.3022724836473145,6.716902233313331,4.5307588600851725,5.076475989920056,2.1028171707329117,4.400646703986426,4.8995907659165105,10.241586182059951,2.7760659484516728,7.928354477504875,6.993717546931616,5.561272808980273,8.517240968390267,5.744210945213726,5.778318391335858,4.89375869396491,7.4471377648372545,7.192938467621767,3.748645425007575,2.3615056108024652,4.594038725208685,3.399922871204707,4.87295085076929,7.474876269368279,4.08539668982642,4.91435323737685,5.1160454696167905,6.696861764410569,0.5062213320307896,3.7865994104694067,5.4225673845589455,7.4001579128537225,4.01619510498759,1
1.2468945879162519,6.239422891932272,3.7292752223487415,2.6206666818192774,3.751309220573552,4.630949284688301,3.7905106709235747,0.5888678858018617,6.794132393774264,7.549750082557445,6.303043982679012,2.724628659150367,4.597016932104964,4.986957369541084,6.19758877912382,6.336680977436162,3.5316524024430085,5.163991112827121,5.914560809230482,7.911644644293533,6.409013079649446,6.578113374751037,5.167653255858722,7.820918290407008,5.819525591918994,3.277824179652859,7.806739940250381,6.395806545078055,4.113911957743035,4.041014065201513,5.593151090281523,5.926369590535169,5.394584531262413,5.62261734688577,8.39991474915276,7.143086304469771,5.381271182530049,6.882621161534967,2.934952192944921,5.795854099893618,8.61861269946622,4.563908209215253,3.3047321427618304,3.6958222228138786,2.8207339253152233,3.4304761837445934,4.258983802819942,2.188865961642716,5.031236667899206,6.804554347573294,0
3.184487639706159,8.038567847283538,6.021584177055189,7.061161171248115,3.684330892295726,6.709050454133232,2.816132199209374,6.780495001673017,5.343678679587063,6.106502439969567,2.6488107887502967,3.2098603154467904,6.194456436506769,3.1033039915515985,5.926412584198246,2.2657243870795085,6.696348425333336,2.534953370462982,6.104599875359046,6.251261867292001,3.6064563631408504,6.164053134169453,5.520884526667112,3.9223162876145237,2.982890631847584,1.074748616654842,5.699300094599387,1.8703944572758897,5.1906883988826165,4.473103567835501,6.358285550876391,4.3959090010202715,4.341104427305817,6.463741408576591,5.670116058168235,5.632311914365556,5.938535179617053,1.9288557535857884,6.513577359973964,6.224937588027204,2.9666337428470055,4.511839052651597,4.921385424744738,4.731006431196534,5.66771993313707,7.862733563662367,7.163533455345657,2.3755616131371875,6.244139980612097,7.65786663907082,1
5.773617041378405,7.181960850371934,9.02454089140153,7.047419092213962,5.498617191283458,7.090176948169507,5.2897756661937825,5.047806086569911,4.297171528572535,8.126826717664215,3.363142668115997,8.064735449356231,5.999728247480743,2.201387650396117,5.735298585982843,0.799946984696752,6.251016033662071,6.770462965977982,3.815288088695893,5.247095391911165,8.908314867500572,3.988506591476127,2.882184825886799,7.963326804925197,8.92517438106159,5.007391343695694,7.0229260708167125,7.682951831061763,3.515031534923232,4.029388329264263,7.4617490263094695,8.370028557417019,6.125761720348709,3.240371292995891,8.974122223398883,3.938058204376071,4.329724437657097,5.684675668979243,8.10832084142955,6.707951953104447,5.829731000723821,5.9265770602362124,5.087029337286932,6.116279029037012,-0.059120155388606044,4.406785081860403,5.482643869833562,2.697971832760986,5.77264663562312,4.591057558027757,0
8.510951396630979,8.146039450429713,4.068388861763674,4.698324576866609,4.852104868783215,4.096681047680755,5.390049968056253,3.4834358622248196,2.7387693301249474,6.245422447800538,6.259059168443621,3.3913684806800153,6.790710861525199,3.7368445416693374,5.506330476075963,6.640688025224912,4.932774870592574,5.909481824282269,3.9671407122248565,4.607066833143806,4.588281138239319,3.506843306919522,4.646451673768436,1.9027634022725066,4.01769250571579,4.430249013260658,4.48764049500924,4.517005108258442,4.876471600279742,5.958883036172128,6.749034148265045,3.7004695463034656,2.593598289221711,2.915911175513794,4.025594157610145,4.296157364366982,3.4600078676050856,2.407766671500211,4.087758345051624,5.362853240227943,6.190058931671129,3.8851538937833574,4.174004355713132,3.1466033823053783,4.937121659250447,3.3031427316183706,6.1462556264824,1.4282670161317776,4.280740655095075,5.6022146783834845,0
5.367669032645009,10.386067327960994,5.699600049135815,2.9918908063159795,4.809071505821854,1.4475073330670964,4.838800501406478,3.3338878859984824,6.8307805511203235,3.90091945080893,4.7664681684095065,3.728884317191193,8.477702703706662,4.357514467764177,8.665114086958404,6.628303524236533,5.9641334546707725,5.737466294635039,5.787594596432503,1.14465484130878,4.442233211698487,6.690315942368644,4.902205633051789,2.18962030639285,4.895191098845061,8.408211032510982,7.4937834310694384,4.875991981267936,6.902898554116173,4.266985959263897,1.5922568263465622,3.1510680237408915,8.125777537016395,4.452013836341392,4.513232041249964,4.400323607450239,8.808273179146013,8.251917830724127,9.437560466896269,4.681909579199897,5.59124897749419,1.9667149011584177,7.953868852236549,2.66444089746413,5.433551127525258,2.805394944734312,3.822266346522608,3.3254751379005993,3.7842494786483645,3.921754593702043,0
3.903462410149846,6.666667823560614,2.79027441387496,5.441082854027734,7.435918304611117,3.9736072709732078,3.564162218504796,4.538950749639499,7.359450416721421,5.388215261906716,3.9375714107848028,5.96775330237608,2.7954157003271534,6.362719020885896,5.817214615403535,4.384383057722232,3.3228284031055377,3.2266381554330854,6.06963467269182,7.457961004978124,3.7253845059424107,5.916773407102968,0.8259459627958625,3.830764538685601,4.937882134258196,3.1806331660363325,3.1269872504208083,3.6644408870622276,5.584385456652746,4.6253419631872505,0.5235375333500558,0.7585996947298677,3.786269644285649,5.915373172107104,-0.4950096854504693,4.000539647696739,3.9475042869651578,7.776675556416896,4.229956376574273,5.765977969481857,5.282514280174927,0.7388670403855988,6.536414433263475,5.430793010912576,6.016537279349179,12.852475412872653,0.8317741210028231,8.449393299522217,4.425104961199289,5.574657808806019,1
4.908975509397516,4.151527333203913,3.8603341435224827,5.659017471146019,1.9656526066566418,6.501158335043531,4.167611190229492,2.7398613219192844,4.099974284008373,7.514298433725146,3.929329825967554,5.716907236419241,3.5380874485690534,6.515843699847239,6.371015477580408,8.697217666592824,4.648872109001569,6.337309609515813,5.196135079077889,7.591743563726029,3.5623352247825393,6.490010625754563,4.610605407766637,4.871623645783004,5.183504968896746,5.504480792853355,4.767541913756084,5.429426366341053,8.156236115124369,6.970899371230437,6.738309184993793,4.088920947952259,3.2215183435433516,6.9106011164755055,6.752093585059589,7.945341351501964,3.792038748061541,4.540902689279306,1.7210316749491317,4.215057787878254,6.993141021158895,4.067009241543604,6.280959590401648,4.618993788004377,5.648114056443121,2.7046172203686654,5.170418899267802,-0.9822719418014465,4.62620768367603,1.7390535125697197,1
7.411989033093632,6.554814705529022,5.933341963932162,8.04201245431876,3.1021669583503257,8.494726395831115,6.864383128520769,4.526889425562108,7.271240294365889,2.7874129751767316,3.3509716769446527,3.782820553520599,3.9420445838719695,2.8868847144794945,7.4461661341906495,4.482291199260336,5.7050099367137594,3.859297267172639,1.3587933989029657,5.540114716782844,1.1754900491604463,4.862731907829063,2.263369922334379,8.974551998461616,6.822725444349444,5.211507582542961,7.527413355309337,3.3073680450685283,6.086958757340186,5.399620867437427,5.52804016266734,7.544707000213536,6.464984205559604,5.577447325650047,1.6902251275434077,3.0799074094410726,4.754582132808552,5.186744748553302,2.7395925506521523,9.823353351156843,8.032788110507145,6.204236640784967,5.144073722567489,4.575582060197696,3.096163079955529,5.154961037037725,5.515505080285501,2.5164788490367513,5.668352834489795,4.6894819023505026,1
1.184384884245218,3.279229978440996,4.172788933156712,8.775375314680382,6.113106249067516,2.3290368618002173,5.972072578835274,1.905392022123269,7.165382107774146,4.057750696364243,4.812727622521658,7.65159329508438,2.4256728628315,2.2057636297740175,3.8328013473079903,7.076757702038633,1.9613078490463152,-0.6643111962211377,4.097682283182002,6.103481599821841,7.400523499477659,4.073677275829202,4.177146785767995,7.307801468511494,1.2605166006091588,4.222958449633982,5.380847779850115,5.898437442570069,3.9803866136182346,5.068882023411683,0.02334529317402101,3.6835031753323033,5.9070174251089345,3.035411931490641,5.117968443179195,5.893745001605396,4.31490159828447,5.340927541993142,3.0745348694307753,4.586777440607907,6.220432339178445,5.3139459219368685,3.826937460872129,5.448432808581586,6.429219581273236,0.900117442845044,7.318148129911796,4.327490522637856,5.85097986648046,7.394493847290455,0
2.256652605539068,3.581117995144907,4.422902608248591,3.432492957751143,8.469873151673617,3.2864558123464143,3.8889064410262666,5.408778063205953,2.5957009478478223,4.2086385764874725,5.6349065225003505,4.334279191234978,4.8132262822001035,3.9413357751032585,1.971059381638466,5.643186422678477,8.509866143294483,5.0368032615668765,5.450528234495099,6.385445510233719,2.4613390069066017,8.405029316259212,5.404657592845604,8.263713798178218,3.5339340089520213,8.63612384511565,6.550310988069566,6.106080171704717,5.468048908706296,4.5029427638511015,7.401063316947745,5.280719739696094,1.0658605928256955,2.765627076585995,4.6283084956145055,5.61999796633111,4.8868230222002085,7.437941579587326,1.0977962719227503,5.28717587301032,1.3640415492256905,6.519424590968336,4.811082571115994,5.839219944048236,3.2722340788204676,7.558929863315502,7.083449328117703,6.167088606023775,4.740965506273119,6.159714570590264,0
3.586214864025302,6.711111318041424,8.298961788647842,7.141221119958372,3.540795060385181,5.722834634546206,2.4137169124827045,6.144780622351352,5.901206825725078,1.2603673209356718,2.6764323121752724,4.433722206512465,4.398280505718348,2.5810461291623894,5.777957458704368,5.502947217881024,4.611461736042961,3.488416999683274,7.097414252833127,8.310814226176591,4.032877032306926,3.7756661656903585,5.982415330823993,4.283941240506028,4.7212055986735315,6.479306303449343,1.1812878249854144,7.636604649705339,5.145361048658683,4.17701371087564,4.8215316915571025,4.924858710041037,1.5375973931101492,7.989876454906472,5.082651264541237,5.88600426089475,6.9030995411480855,2.9576750848793996,5.946943798070457,4.464717818202413,6.693541550432988,0.7455451592970093,4.801811399517462,3.7943586884320766,5.864525901268311,5.940088374736404,3.584748210355948,3.575652271647913,4.778669262885341,3.2067155453695837,0
6.683967390904254,4.261585599105108,-0.8139764386432828,4.250355886756388,2.9229123583120553,1.737448369078109,2.525146723554855,5.21881694366594,7.657281656496462,5.62636894772996,3.786993223568521,5.911808390341405,4.081819379562017,3.610799261673711,2.691274663534031,1.4963423864965617,4.22015258688111,5.316106979840264,4.80675265997022,4.168066144105283,3.1085078786064377,6.216492383369937,2.36573616010683,6.552055827686951,2.9955659621465505,3.49512952529393,2.066429618768646,3.9971957062287267,6.950624916955958,6.031256176887913,6.95684422405607,6.044285091867872,2.7926603429392616,4.338421551344886,3.439601741765075,7.661149808078081,2.606422707147377,6.787395378778221,6.785907740217539,8.659240403432175,4.1806268147410055,6.424644319160324,9.563303673077685,3.764716646132607,1.9299195049352806,1.2399799321844727,6.425424057722663,1.2336995838828324,4.255361894124154,5.874626374077922,1
5.370351073659828,5.850889728368345,5.444579711601708,7.557731626626786,3.095367238522406,3.6460097230829374,3.454681109458352,6.66038362372522,6.800797176790127,5.902450638637016,7.366987333779855,2.6439182652472386,8.334448223102275,8.046477243424516,6.471243994491493,8.56359781754212,1.6867535846444524,3.9511037274746963,3.5293930786360956,6.442958647514686,2.899718520795709,6.514990298674971,7.741072287993427,6.390405800167999,5.567502047323003,3.0242533181985016,3.306298067749271,7.499237810593334,6.558698007810665,4.921960961244912,4.164180908468219,0.9483842537772462,2.8582951626311224,8.822838174279447,2.4390888579950665,5.378959642442162,7.014887946390397,2.490154663995415,5.3694209495621665,6.87583107502131,5.0249986438145005,10.736806111333536,1.6628014822436095,7.117457059767758,4.654396525207071,6.54384030967335,5.8826143033984915,3.533687605780007,5.45799278491868,1.2841970972034256,0
6.2064950011427875,5.596316931981051,6.277320337286205,7.116236650174301,5.735239680419422,5.296178839596553,3.2378633266774157,3.575558472701898,7.3734692403546624,7.8726708114119575,4.523779127375892,5.092005494506548,3.190771250012468,7.34551369053489,6.330833647383558,8.882434872927497,3.243353845640522,4.243984201963565,5.462891845051145,6.292979075451541,4.568664724904735,3.254077819092599,6.762815057847142,6.442270725091163,3.16745179887255,7.7108856022109915,7.3403974183932075,5.268592994495585,5.159195724752073,6.108115542231815,3.276593859487484,5.060062958328165,0.6952329107816393,6.752911291005871,1.8770135551162812,8.006839656857998,4.3397598120671,4.576666036137646,3.7445321878309885,4.4239222521558474,7.837062690296073,0.024382686929841135,7.5539307721763755,5.676046962203416,2.585956704285569,2.8493752139015243,8.352786054416406,3.108986240114538,2.6932989788080812,7.274629084729458,0
5.677105752571828,3.124148846927202,5.433249950809238,2.9484946327194455,7.20164279684521,7.122741929746267,6.064012397643886,5.723322122494033,8.522376249734748,4.999372654776451,2.6362517491583977,5.898947825664614,9.172094099074227,2.9704810136282958,4.277074466612029,5.8328920762029055,4.892190301988522,3.035392839245371,7.243715712460942,9.640081444034518,5.392262918047814,3.1918634205279997,1.90207894989305,5.515951962442362,7.207754686632516,5.950335492990764,4.995192318162292,3.8214566964213876,2.8156727345638206,6.669502652649764,6.8275432427711715,1.9085404266185337,8.179677956361367,6.148142441788003,7.7991892902915865,2.31574450302977,2.268351689169122,4.702061380465406,6.005568853790388,8.592721645853928,6.4121578276302635,4.514637446375933,2.9472615846682158,7.4600011454383,3.0705891484985703,8.256937109544644,4.431230700786982,8.181164145235702,6.357862580118557,4.726009021115083,1
3.9612072563477465,4.31818424530784,5.8566333847504755,5.154312992435433,3.8123771838625897,4.668737179364736,5.1571540594383,0.7425318111703758,5.916336229577397,3.0405575505663864,2.69333519358851,1.6253113057785793,1.4122150042642194,2.2891049937754215,3.581958084739019,8.906518275053136,3.948240648209592,5.355500212536063,5.800962773012658,5.262130372431697,4.845113078548013,2.6094124728015107,7.901855096558424,8.614393287275771,1.6346826117546285,2.951942818227241,4.440379315245988,3.070924410179617,6.011931106911731,3.543455595186774,9.330112135613206,7.381097188687193,5.42514806126443,7.053972526639464,7.211800848714618,3.8721050238835133,3.3675655109160703,5.156286125939295,6.7232722489958885,5.278120797306835,1.8460070356180056,3.3943511120983154,4.852054272811244,4.84866879134834,8.945084353579617,2.228024115202004,6.011178483671749,7.978226216656579,9.542899490845592,4.191205153632078,1
5.982858905440399,6.139520714397294,5.390963463106582,4.802309597521388,5.871950779000092,-0.06449217043937061,6.364138980125262,5.2523558073239345,4.555050206443469,9.093724391439116,3.6501319624188957,4.193848021869939,8.983106604409468,3.3358773903002867,3.899769434126922,4.7059491531383,6.681468964259098,5.415605014706626,2.4147493056954747,3.935662873745621,3.7852911335755772,4.845557909553909,5.851687317259659,5.836411511775944,1.4479764919031957,7.127881975121712,5.505137691993247,7.7690640951878125,5.888396654581344,7.202645915471525,5.933090622900254,7.692451512405496,6.044501272035557,4.804169507114192,9.544869440893763,6.778074244559784,6.147488842008826,2.447391166923328,2.4233847650729246,5.585430964283707,5.291042395536482,3.7717548699833676,5.28196539922412,8.17725385608719,6.390804949100597,2.7179829804945235,4.776982345714113,3.3900670382948785,4.224600167182878,4.172768668740715,1
4.044708834791989,2.4897292560532103,4.74469063696362,3.87878472630538,-0.8588973800045361,9.105944049003327,7.177539308433344,4.247398550150008,5.037638099481197,2.6566913053648764,8.391445755621731,8.794577389546223,5.313387456493049,7.047061288370689,5.350573557867848,2.3265491222481387,4.176353262072685,5.263855933543914,4.090904562513112,4.562693445129928,4.817200884981771,4.838243004269078,5.104516980994966,2.878789867206798,3.5659677017441274,2.4308314686000614,6.9556310993724,0.788706116319351,7.307180686633851,7.772698794525686,4.395638826034757,-0.20627417565459716,4.277378876065419,4.871631677422362,2.978803560142173,3.9695632123835143,8.060390397726703,6.329854324603482,3.1508717712438,1.8048016608091357,4.345965364780458,4.5730864412991235,5.9923983747266325,3.929366574864682,6.022999150723723,8.87030808012046,6.631002044888525,4.903822985338455,4.633699057893411,4.286653731640257,0
7.361281824904289,3.745373108097394,5.090445417999965,5.102395803762171,3.9964316143769363,2.2550689042317984,5.645949007235337,4.877992056289233,6.00048093887314,3.9327993871216664,7.441642597626096,3.2464524375763104,8.424080568035786,1.5047269803434768,5.8695401291137825,5.950861365053247,3.4088858641182354,5.848787875722025,7.559037339520318,0.5663623212918711,6.005489614981629,0.01345835933984496,3.068670392953584,8.25833272980189,3.836435933215892,2.652240071182055,4.604124542030636,9.135812676327104,1.3366355055879477,2.897380176721311,7.994863366359253,8.715404687075464,4.7931375514194325,2.521894594946715,9.191687003618318,8.188884783498393,6.3578939755244654,3.37519530212516,4.901941318323926,4.679279837910339,5.661702609231155,7.902002876262673,6.758834082274806,2.8452478460304835,7.752992900039075,5.6262642800263105,6.374131591717832,7.933081718557206,2.7768395009728977,4.9283488425870745,0
3.93709089728157,1.8642811492690883,5.69341995520984,10.023113103168846,1.3198445109884944,4.93543877790106,6.281085870149547,5.246156403312362,4.773743894968519,2.4015672731083515,5.465573485880327,3.4864720459681475,0.6201565900428934,7.389184441027462,6.916771639684085,5.103321953702159,5.458149376411405,7.148636025431123,5.448679313556165,6.808035109522629,4.4050355982523,7.623967477147893,5.641571451865368,5.388103887211748,2.459877822575936,5.573911708603418,3.3360901650110977,3.723434546943012,3.369248743367758,2.86753013620155,9.249542806033922,7.662678123976806,8.840735004288522,2.554209960888872,5.142507499821785,2.4129847495918084,3.608610245605872,3.1637460331668503,7.4791680128831235,4.20754064379648,7.136758667388033,6.208241779177036,9.607277504209577,2.041111553720552,7.518466479573598,7.292881740801455,3.0532423239459305,7.014266672946319,5.672289926052458,4.545047480093184,0
3.3521290260560006,3.561781097101628,9.099624191571852,5.001365637914965,6.564260003062918,3.4182012366648937,3.4402941075567224,7.163969618499884,2.3008475768969356,4.169572464189457,5.068054822144464,5.2227452036801045,4.641813429967687,5.791639562191846,6.385711511635623,6.46927509091866,3.0283923826643466,4.4316898041424055,7.389525723753875,6.789294375147745,2.254281097037872,5.702959800704403,1.0435495012503795,5.0938698041207395,8.795534033491954,3.1042145654620272,3.331353909016836,6.528059563145719,1.9143969695807082,3.734489940229922,6.192882275163505,3.731428304621194,4.528060025578057,6.488371420630069,5.843092167073123,5.533636792590804,4.321755441459922,5.740122230537911,4.752534639800487,5.915611219851569,4.006135949764044,4.634862051240917,3.0200844148959725,4.929984779987528,3.3779982727423103,2.7719070996760133,5.517322295710776,5.425479551715321,6.565747469897145,4.137748860849802,1
5.816105693673512,6.101595144547327,5.889547615663189,3.3486926343957157,5.298726964542378,5.728280592109323,5.0143569338158835,0.8270446832578306,5.32097924794696,9.425062078794484,4.279921462486034,3.543845804289358,5.746697119422796,5.624756420933143,7.385470330832829,2.4842636881822244,6.462760505149985,6.180844122502927,4.715706926118908,5.67737463584338,7.058914963196715,6.744630760056901,2.7139613758525427,6.640316373510969,4.870622789934963,5.145748196031031,5.146393982003389,4.69951402240348,7.38341499421413,4.832564080301576,2.7609077432336626,4.212940288060542,5.357389433620951,7.4584295685941004,6.206189369897667,3.298929442505912,9.970379833357782,5.529550621955959,7.550781475998029,4.696571132845541,6.066718489410899,6.67893700903681,7.436389423508512,7.1147366107564505,6.744394000145956,4.369826537611782,3.8565079160878772,5.665215020648395,6.866256144682138,4.554558598446786,1
7.130343931428773,7.905233490972359,3.1673581618531603,3.32615859240744,4.719249882189327,5.615225336378392,3.9508659724658983,7.704405357734289,5.848133723036902,5.078894096481479,2.128180952262945,2.3683683671449858,5.562018500563613,0.7348087476903276,7.025274819288144,4.683692311255359,11.486185939189467,9.615832501232221,4.637101861504966,4.78732599493737,6.99116302800406,8.406345219836076,1.7239418851279664,1.4272490692906268,3.755930388891237,6.165475166347729,5.993747181015194,7.1395429099677,2.6006049432693836,0.3677122740622467,6.716028390604291,3.343607454069531,0.9630242712227242,5.2901274919187635,6.586351376437355,4.755885735757445,4.084303227635021,4.6812755357081866,4.258834475198435,2.3039057761196657,3.5706386460191366,6.042559810027629,5.643357082753,5.336119611933641,3.0097030362932413,4.636993675728665,0.6458699071142906,5.356953327770779,7.857715415627135,2.0517357359157886,1
3.8281446533644896,5.658213557420259,7.505685268854967,4.103550767399701,3.6154993414682073,1.0621537151678337,5.206876258616213,9.084152080287488,5.554716923929352,4.9554420416325735,5.644164621533971,4.977815992102796,3.3739712554797405,6.646559831355411,5.4515230462235085,5.035226503867315,3.0492679454435,7.607015863869519,6.32940549066622,3.894158325265396,7.003649707363874,4.004858323229586,3.4359930149779263,3.480593765039426,1.4578628938238176,5.9430847608364115,1.3377102433232997,2.5431123374684748,0.8488239818429335,4.8278606144182135,4.699359079456256,4.346607573627272,2.9148446106588475,2.65553249312672,5.928739727093149,3.8988961365830246,5.632716643072289,3.229502627751555,5.3621254855421645,7.6065560746321275,6.172331600785567,4.1751723635670395,5.514397940711855,4.518669650939574,5.015760369389456,4.348777895702993,4.671329588229217,5.42418670614835,3.0132826008360984,2.9682423460200433,1
2.222914892337578,1.7994577909925802,2.5654346155590413,5.318925013608259,3.214424969016232,6.0272289284621925,5.0694274975051234,1.0629915731238926,6.30995116844338,6.62159729118342,3.0122746503302933,5.840383085789983,3.287003525181602,5.195340753496671,2.4710031860900687,1.4137870949308464,4.234365620774063,4.752542107450328,4.204640612770792,2.631938883554881,4.200201875737726,5.538589505161468,4.910213939754926,5.365002061198426,3.6597695990915344,7.34343582943232,2.6476533268904388,5.975120594173437,7.3637821859199235,5.961816185497791,4.59495154587034,3.943405906674042,7.072175302092512,2.154050149476654,3.059751479240713,4.204884469016557,7.475307515023996,5.759535272081792,3.0639084829795094,4.379384589230193,3.771353711807411,3.58042201553293,6.957779117113558,2.2565137414729888,8.217561711468747,6.656459380369245,7.181723341207396,4.074120975949484,4.700118561841781,2.133696370950576,0
3.9506751858663938,5.987309695286302,7.592126123562792,2.7856863663950966,4.268988126029468,4.697401559534955,2.2084215956150297,6.1826984835168,3.552019336514782,4.609219297645952,4.096101256176245,3.421322988560651,4.985910029038891,4.568780842863955,4.256284235442669,3.5430767566393144,5.639049341565911,8.30723453698457,5.279774465678255,6.992236429822258,2.2195561496930747,5.315522878587539,2.805263362057867,2.046150144936197,3.5212571850819274,7.383798668827145,6.900031657339291,5.4860094441088,1.9345988802201384,4.607438697224127,5.603400017803471,5.351072459157196,1.3124128330385085,3.2193643039602566,4.871844471702567,6.072581819034379,0.6077443578001072,4.675752049040283,5.286097539757905,6.6992239770324264,6.385715168474873,6.165142637617611,3.400118986596132,1.1839957257533849,4.213894485877198,7.00326365041712,7.786909055048863,6.4210982045955705,5.858681645603468,5.759279296771931,0
3.887762506478439,4.73987941289276,8.338139051652663,3.1148839884162474,8.229557581419703,4.3559436910158835,7.650864218190157,2.1863699810049235,6.171808402329298,3.526459728104756,2.169465616151625,5.437068084821892,7.018943577191937,3.3101171228130073,2.0019680790831975,4.81631047133009,4.825129342445638,6.096639255108998,6.899189142728977,4.881169637455012,8.711006629588526,5.448469489070583,4.307146987986201,1.7768652817943442,4.474680959367665,4.327226109177728,6.920609592562941,5.924967248133708,2.6412617567347656,5.344508772822075,6.343062343458107,8.056062718775665,6.7750079348281185,6.521693308622956,5.120171989230327,5.776624010846899,7.499009801412317,2.3344452050407005,4.301121345566088,3.4548625024875186,5.758306237452248,7.460444351301575,3.8060514265578522,0.21939126506112405,4.17555850995106,6.826947464034813,6.075259805899759,5.8563724956211525,4.44001339625104,2.4419385275604273,0
6.030588643248935,3.3314363799307505,9.368193466760912,6.141014416709032,3.838703394892098,3.777229505222744,4.814111586772824,4.5209961559565,7.233667551059908,5.372832339488093,3.536736522182944,8.780881370311565,5.0986166630404455,6.537679351937793,3.7835469851104815,5.726231255489047,5.62221998228639,1.220701415807694,9.030550220921281,7.581288921845094,4.205609367708025,2.795460519088289,5.695123227607104,5.173395398828793,5.711337897126459,5.383154792388179,6.012481978611852,7.8946113987836135,6.136206410257293,2.9006890021801177,7.7251257054249045,8.281229126976575,11.30411346902417,2.753011933520804,5.48576402630055,0.8358025936220255,6.106298312758418,3.9035994036664547,8.846891589649907,3.450770059962836,1.6216339240654767,4.0574725185949605,1.049024457565725,6.50219890901462,0.8698339074873589,5.056915162366318,0.8443763602876064,4.359404390926716,8.286756311609068,5.72129578287159,0
3.273012790070132,4.937593022121832,5.036033744088893,5.945260691686811,2.266283273438347,6.185134547694661,-0.40878326320555036,3.7402308952723793,4.023452315096911,6.266653652142477,5.045261705353738,2.1888738922874267,3.0300137483659695,5.397360019094814,4.841865316270887,3.841751780728507,4.038332420976041,6.392335994318578,3.964614854261571,4.823817511941853,9.339873176161085,2.152634726232154,1.2963145368506828,6.567179329597213,3.6427138774117935,4.36352494451476,3.4376872437377717,4.480399718464975,8.197076224192683,6.604256917236238,6.724447023773954,2.167545888414709,2.6976925268942615,-0.6781573189708539,3.381238357834492,6.913406372771317,6.033893031496742,4.556973474095752,4.955399432563894,3.622228914849189,5.409517764803568,6.53175655896123,1.7682264251790545,5.599295375674696,6.8648697419093345,4.169799422073261,6.401401224241168,10.629308888945106,4.791314414026216,5.786614100010647,0
3.523885832677217,5.362502325204101,5.920543249964608,5.3896846805402765,2.9606093605822865,5.412723542650902,7.924391877435274,5.897271529029054,6.923974378143682,4.525976059974744,6.499800478847421,5.558535676433052,3.098178540625536,5.637042009597749,3.0166066731193792,3.734239450230416,5.378656614584748,5.594488546760248,2.621535069845742,7.107971542365752,6.144012556600946,3.5905431287782323,1.9248304071016493,4.710190841837138,4.10811257227768,5.226280914106046,4.273766677688867,0.9850862785099803,4.223306123397683,4.388761777863374,6.267322049548118,3.6036006507779006,8.357349346745131,1.1767188986964858,7.622334995605248,4.55136205824379,6.719169744687113,5.159602968117466,7.279111072050938,4.2252760708943775,2.8027591496443756,7.841008574542126,4.773038708235718,5.443116947248421,7.46950382808959,2.93608951581113,6.190981795278515,3.820210487074218,4.735661288711256,5.144557930768578,0
1.999556277106128,3.4423259143591305,7.702145784826278,6.772382377169591,4.87472084534553,5.486246917025786,4.411514988727085,7.713166771655964,4.599294844411673,5.463684184269696,7.29206028828413,3.445257030308187,8.117578368993788,1.9390771805132463,8.259284262225597,4.254648832096051,4.514602504349437,1.2199796576341142,4.090410565244614,2.9203869379462315,3.7847073092530548,4.72537806842224,6.9155832289458115,5.415206702801251,5.615353306802228,2.8089612223088753,3.2384918207945397,8.597450036702623,3.529597930473507,8.31241650411459,4.513877602238267,5.004575872287008,7.140730320459859,7.543784843877313,4.778374879441825,4.223513892956922,4.888159102955574,5.675915056464237,6.782607373739511,5.008459717988303,6.237772596046307,8.276719464541882,5.762619224529569,5.623305712009556,1.9621783498198644,-0.26146027365812685,5.776751458460336,4.8103515374382555,3.970434650170516,5.487060408372689,0
4.879192541606184,7.255560501267797,5.1722217365179555,3.5061534298596646,6.980332477918578,4.565737850107595,6.053073367344615,4.045178587614399,3.7003462290051274,5.168336460371393,5.025657287087371,5.9596540707336665,4.462708493380515,1.3272804324592054,4.1344522328232225,6.587636934287631,4.405247841513787,4.507233194970904,6.972753011811874,3.5760535454821545,1.9143935635142006,4.678737760949011,4.031652097502526,3.067507360493492,4.649243088202619,5.983011294493568,4.981422876864369,5.613962145372476,8.626815397030846,4.314242276884872,5.556697269289339,3.9815732748017307,3.3072805602260544,3.83018469316446,4.042482856956623,5.718951595094251,9.698151573401514,3.5679131274483193,4.166749388769075,4.873753973777504,5.791597697419494,5.52710162390957,7.5681915878962345,0.14721585892958355,0.22614025960865458,4.008243655979701,7.1946003750874175,1.8687039367888074,-1.0152646793875144,6.142358812438418,0
5.487314447405429,2.8195831864011405,3.02892079855814,3.0605125607306514,5.22107063494788,3.747369447633986,5.98812783795104,-0.7092533258087821,3.286296269744401,2.7478920781778995,4.487318643255016,3.923904483019723,6.595687559791533,1.281326456679885,5.090982952661504,6.116672846423411,8.71329487312391,4.03646805781305,5.6489172087050346,1.3922744148752701,0.2160875913739524,6.6895487515634,4.9888794127038585,7.357025379596846,2.2531942220605017,6.039804279057505,8.737635681087706,5.839411216714532,5.5531630111820975,5.0171121616487,1.8582370857481756,7.711145871420696,3.7782847203898684,6.008966512766034,1.873931386857493,2.641080670984439,7.870174798444471,4.305395422084314,7.906550952085089,4.843538681882964,1.3162044540842852,6.784135199463441,3.820215364488784,6.397377627034087,5.050421735080164,1.9137635441142593,5.328589530741138,9.3924462843056,5.985972917028919,4.884964493989074,1
7.150686803913795,5.4213369304062216,5.4190684605255885,2.816749655681795,5.467696051579197,7.07088683283389,3.3278756957999507,7.848991642493895,4.816587951709748,3.2244609769229187,6.995264153840489,4.426411528523461,6.519029774972216,4.4164827354829255,4.880347712940193,5.987120408668583,5.581794115180012,1.008936439096523,2.7575125198112165,6.858819969581631,4.735726822196906,3.9525373944571562,2.2828519694850513,2.840527357448303,0.9564027200761052,4.797438562596934,3.803124838837906,3.0668242180293697,4.8637531496640936,5.727941261705476,9.18639586441989,1.9762331608735728,7.318762086601044,6.946203122030144,3.4418145212465987,5.406471909172062,4.084733501324769,5.371377160837477,8.0182620268091,6.211212465262626,6.017216746466884,4.139381360090715,2.0318866701513296,4.583063578919184,7.41321630972783,1.9456642868207048,2.88982126364661,5.252535472468137,3.030690430305475,3.414953105769575,1
4.152802836543646,2.268765191619701,3.0517563075672633,6.4068558335746175,2.385260435538072,1.8042557310103247,3.7399500409322113,6.463911005019692,4.606156384006221,4.070837843768763,5.0887175950312145,1.508585134280696,5.989411307550065,5.766870062807288,4.181383051808558,7.011849023592833,2.7450078020939226,7.255817986507138,5.308987331190503,4.326894820243654,4.9602527292633765,4.785470468378117,7.440565792835434,2.846641745057973,3.4749615217068035,7.07260578414496,3.8089301296322815,6.801066154663183,8.398871966017419,4.196409946116733,6.362724653150611,2.692615437320283,6.509466596135619,5.3988479719735345,5.94607656432043,3.70885585592921,1.677833168865655,6.006504129499009,0.873193695041091,4.36529901551493,6.88236373283994,5.3837954717460725,8.896685289579626,7.050218305163547,3.692203223348847,5.054626759702877,4.905258594911128,1.8356464733077456,3.1192021670312933,3.8784781860402795,0
0.9275589942881268,5.094986936503286,4.501856310693919,1.6542121973768515,5.8084257305546645,6.431745489381919,5.454068957729778,4.35186364958206,6.18288430350371,6.360440720953382,5.614807139439376,3.350775499130478,5.553201531022362,7.390961301650957,3.8067418827765396,9.195878678264862,3.948738132029231,5.064814026680272,3.6550288079873274,5.446541671840522,1.5155566147294497,3.9079164023665576,2.8157575993028656,5.270676695784582,6.988894751017815,6.2920123742291025,0.25668127828221543,9.08413930585576,5.590559881241736,3.4470017190139997,5.314255837981881,5.352379645005385,3.6663025660968724,5.395833334684151,3.7850554247593857,4.191276014619954,3.6274417284898313,2.1346574205206945,5.291672940430768,6.170598873032676,6.029767192152745,6.639850505270468,5.648680420029736,3.934549003566193,6.679327728862377,2.28496492031613,3.1986572349750397,3.071599857153511,7.1601121182786205,6.885577028280151,1
5.97461047408999,7.1438597304235945,3.241434435176024,5.6971902397219605,4.749651143233671,6.693764207769828,4.769551534895605,4.230114223179838,6.08181703712198,6.752338334382466,3.6633096103063965,4.877848657295248,2.8831187327166945,0.0038779650141211874,5.400919262827458,6.217810712509264,5.524133618173451,1.1008765644912657,4.298301139847051,0.5633044798978375,7.7394022153083695,2.827890835763828,7.510807218919792,6.891739287368291,3.1988192949278766,2.73443009746451,5.700740432772676,3.3113519256338577,5.204969284316415,4.034344818386163,1.4376831710687332,0.539063961751082,5.453368496989194,3.8768845073387492,3.8938203661717354,6.3917276781875705,7.346884553264889,4.454910557276381,4.3188025861802775,6.000286066227767,2.2861288606008494,5.446306109495394,6.103771943644308,6.3604604168352585,1.1264945949950702,3.477289460382119,3.2434734943530668,5.199773908818426,5.961489159535968,7.993420814891962,0
4.010069039263854,4.004855003381572,7.2993440377574945,5.59315387706061,7.535303022375947,5.5774560060196725,2.6857667625734583,2.333743290444387,1.896975501882142,6.324103669516946,7.377193646174016,8.698724282772762,6.68621066464648,7.325677155069972,3.8399673346926306,2.6871683665122865,6.700158664835106,5.835361504478802,5.214888748681785,5.7747429612659795,5.646370964916412,7.567633719707123,7.589971169633912,6.0884407046806945,6.691605745125856,6.028125104849551,4.077660535930762,6.51312934982628,2.2110098622814767,7.107783104591766,2.61095412046793,5.571606573589466,3.309692083147682,6.1067779661488535,4.932149548144182,1.8104880836733352,5.8413992620369575,3.844158446334579,6.762293441626738,5.002651377468815,5.790841970776077,3.084862089969576,3.821335537145276,4.082722727797831,6.713404960485112,8.354754175610978,3.3896564965142475,7.153696289315361,0.6606451645485958,2.6116211978154213,0
3.0824430876264506,2.2949826211185553,1.83282322042484,5.825997824275595,4.5718646045442775,5.75881079521022,6.380945372243026,5.531233986345067,6.315526352300747,4.860935427515461,2.6260132233885107,7.115628361641592,3.821775734437746,3.1288074024751484,4.644164248391204,3.174378161406974,4.165139236021136,5.688107843126933,5.696683478492254,3.2043398671487413,4.02458925410251,7.148666009540488,5.992800235467882,9.150130078697083,7.360256347483055,7.288586137119879,2.224262899088396,6.527720703266845,4.8937863966061785,3.898036392923501,5.336030681065057,6.890423069222967,6.001663182008423,3.2430523973158802,6.484917827185241,3.724824915848072,5.433366237928572,4.393299865045732,4.562267496528748,6.5324859500810195,2.919612560368204,8.890390148553866,1.3578278614110073,3.804664633490286,5.740423779883482,6.16862833287062,4.799048558856589,4.885218593996915,5.821100170655233,4.5378610450846395,1
7.786362515869811,6.678698228463205,6.74564870201127,3.0676865532591657,4.841223151188594,4.3990681025585925,2.9887972486210685,5.7203283678915335,3.924708484440367,6.310807659700474,2.8596168742113366,8.438081225683643,3.207334682815876,5.438604674400872,6.583718620776136,3.858719139599774,6.704937286865901,2.5416328043991676,7.90423539836512,5.028298529931517,3.807177184062241,4.401636455145131,6.617838538785438,3.8310894162991236,3.501284621154445,4.556926804832524,2.646075774460064,8.641087815883632,3.8672108175705535,6.663233572360808,5.4189401672955455,3.030931899036064,4.988090581574541,6.568005558621496,4.623477329827387,7.386225891702056,7.043030785563728,6.837829709316659,4.080686455454006,2.840315104437026,3.772824789274411,5.392481881333441,6.091573427064711,0.656857190479105,4.9837735967765,5.316178450646369,4.444911487368897,7.582547678031758,5.843560148501742,7.6203838161617945,0
4.568078959299536,6.87495498501385,8.270132789055038,7.623386898545322,2.815716813142534,4.492647844915238,4.309670589100407,5.978509070152655,6.372707110029066,3.3222146519485274,5.135677027833875,0.9601453356877272,7.88389001160378,3.975251518646613,5.111727879688994,4.380700572023877,7.29205515002683,-0.6750128827947579,4.966779315348182,4.788362485004604,4.092727224816635,8.452453091271265,3.2253410822884576,6.543592354471322,5.712505577412167,7.523038505071032,3.665621830444989,3.534062201752482,7.192139814954797,5.85064261666022,1.9101253066464827,3.9213899710734594,5.772765307696122,6.675528443093178,3.64153869361409,-0.8285119796338822,6.046446371474066,2.5593586201120484,0.9653224037551773,-0.6646518499682816,6.627961720395483,5.257234900809933,4.548687238575496,7.778048725925523,6.274649366046145,8.232600085443833,2.214529055666007,4.930898752092073,1.7665732501039715,4.541235336289065,0
4.502768292466645,6.253227274526141,5.091127762283796,6.246814276559832,6.406880266277788,9.309857354766283,4.369406689427751,3.117954598667242,5.492167230632818,3.395439945720913,7.963921536873071,4.433563922109535,3.868847264252019,4.057368557697764,6.436834846943282,4.68450603353703,3.7166663597392353,8.330703835247062,3.2876603186765,5.071132148065987,6.304612303220461,1.7373297791658535,5.96052100281185,2.8897846490391013,6.645565561668005,3.0746979761620477,6.385538063697721,7.211666132589425,6.72287305126561,5.502633296476205,4.5373981141406015,3.8471608473303123,7.942069381634208,3.6010095596647136,2.9258678528600077,6.33073787006566,3.4077263936270095,3.099873005067746,2.11279147566047,4.034180321078964,4.834569952207014,5.486183455321398,6.902612488598967,6.053795847331587,4.61825556089364,4.60360864724056,6.020314937830367,7.545140325857139,5.2526283989664,4.061738291579182,0
3.014267997828909,2.109589471175549,6.3325393440870466,6.155957047279115,6.154727050213323,4.742681107295888,7.813869491783501,4.031763010830365,6.910538474414411,4.922514210020914,3.783298470641325,6.185060614635523,5.819272237367987,5.713945518533852,5.162556844112397,4.924213836566338,9.776743985740877,7.368513290392346,6.445653789971024,5.223598316406776,7.014314401193339,6.035989552782904,5.052409505548071,4.3928713494681695,4.838165324674623,-1.3408514717561113,5.421201678595284,4.023047839779281,8.185339996565768,5.038688141623509,2.6220731609300763,4.9002396917437645,2.9077578298749915,5.946814831424933,5.581894728678971,6.9156792622165355,3.418236416610869,5.068016192456294,2.2699564091467295,6.402989563849429,6.0377423608802445,5.991610042055141,5.003238062713883,5.829545781577582,8.208678216617193,4.429811485915972,5.277290367420169,2.8277474016371804,3.2634780768033353,5.195626586186615,0
7.207867093403815,4.487438351496855,4.528166941375752,4.18622951099125,3.930486658311354,5.589942911417643,2.005484709642711,7.5618791533334555,3.6691554037410787,6.443806970876283,2.4600028052122482,6.337680261092436,6.3438892156289945,5.768404144011793,3.0111429564004153,5.499096379196154,2.633887630531222,4.494473489807629,7.058826201910652,6.593403854141484,5.030365885080866,3.050386848154316,6.291175424348387,5.038762475396051,0.35936880353915335,6.565259652633037,4.951534332260616,7.4049024959661445,2.8094589623143906,-1.3534076263920012,5.55816771669037,5.583127353363945,1.618656744787096,3.0430009082667873,10.510435487439803,4.388778771692393,6.461917952752432,3.6986803452632326,0.8193942022936866,4.659483506408189,4.4687908794277895,4.200243522663257,4.770718328987215,5.528536543291273,4.699766097492387,2.4719876641052725,5.972369583123878,1.1012564893551535,0.8992850854315995,6.478360989403136,0
6.014040544270713,4.885209269851928,2.209102990489856,3.5841781186518493,4.474506504626992,1.8082120628517733,3.521942683953534,6.304660676353359,7.854610728578432,4.161130494682899,6.512976708632197,1.1718798588250654,6.318902482227223,3.392103170545038,5.6146912334159405,4.504495163520581,7.640828019567668,3.2511287033201635,6.255212595123663,4.440985073406933,4.6833890439806725,4.6322922136815805,3.308653791011774,4.971802068186657,4.874703555756357,5.482480496813459,5.169010291385725,6.5959890992244725,6.847017232094737,2.8987533563443977,6.737545001181542,2.627327145780291,6.17571177627547,6.239477569405738,1.1773662166749919,5.185958493058819,4.063007773279368,3.48246948412925,7.701704661398011,3.692641718725162,3.3872461417639004,5.1513898800101865,6.371179492596832,4.716702827979746,7.332741091338504,6.061951323928181,0.6435773605371393,3.9410660729859837,3.876315801296602,5.958721906858845,0
-0.24963411274822356,10.098019417435445,6.06205218978842,5.297753607835382,7.363135432838293,9.687308105625249,6.741493289176806,6.89762619294324,5.261380048928765,4.716948493266104,4.048409111990198,3.347776016570916,3.6259718006010053,2.2988880713140336,4.848257098629953,1.6306648455472263,5.3818330482874215,4.927338783915316,5.293870596773376,3.955736859960015,11.153720740361006,7.720231800360626,2.5109149998305544,5.465736174853797,3.783987714125353,2.971040546585172,2.31985585775213,5.8644333815185075,3.637239529860852,6.935652048050408,6.987564429060878,7.747828770422899,3.295226467851793,5.950731221384021,6.264908433284601,4.05164364979207,3.45645608521425,8.219041331551946,5.4549917514641075,6.271935501423476,3.355847976344145,2.5614310669556124,3.861100451015779,4.751957225220006,2.8715599863653023,4.980310382699234,1.622989623863,2.7599051550602556,6.34182249655375,6.207581040555788,0
4.216246469226268,2.964471381846094,2.945192896947978,4.253463508117372,6.289036983290583,6.856491382688649,4.006936529036062,2.6930151480304323,5.535687275732666,3.352930058748301,3.963494722277595,7.650552180874075,6.654230857131536,5.315948624502903,2.4561619977745544,5.422793134941318,7.1253145815750525,4.248732668468929,7.70222817997343,7.5854905790364135,8.327465664286947,5.610486253062706,6.174783399612025,7.8283745766621795,5.894787874137951,3.9975317844195746,4.102914326944277,5.4771099075474785,2.4188771561075626,4.7134821692716145,7.1930942364605075,0.6174922976694379,8.06896420358903,7.244748437406319,4.0804707683390475,6.08678165574362,5.006295453812653,7.459980736877366,6.965366285539883,2.1998585536339816,6.174524826928353,4.588744292713505,5.1656651410362,3.543656198060369,8.49627413824167,7.0801236398051515,3.5204576720540652,2.330778786179535,4.228654738044304,5.869005292182612,1
5.480411687892446,7.506265649536487,6.5798394443617045,6.939138051505814,5.653710801220875,2.2214025395780195,4.6086029377061974,7.120179479817331,4.896954142950708,6.006180737247494,4.362503369507734,2.94037630291631,4.753311871907779,5.6180948860653075,3.6886245610771127,4.528577510286663,3.1210735160280345,7.238489835128192,4.411088484823932,7.905511090252366,8.057495701081816,4.837908070556512,2.9831025349053006,0.8282042445333255,2.055925853946417,2.25233035020268,7.75693925492301,5.231649174453892,5.779209048183976,0.5591579821297481,2.604067141565477,6.7741595528925735,5.573548224765172,4.705589442628805,6.129684717200245,8.27159561227163,4.557915072925899,5.138739605316139,5.3851938374626105,9.784219270547986,0.8012874711619489,6.366446029577616,4.770395502481873,6.133543452368359,3.6852548920105512,4.902069938283099,6.42282115893099,11.225820402087681,6.616072378804143,3.3038688039389825,1
